item,test,n,chi2,p,kendalls_w
intermediality_index,friedman,8,0.06451612903225806,0.9682566771439105,0.004032258064516129
agency_index,friedman,8,3.8,0.1495686192226351,0.2375
