item,test,n,chi2,p,kendalls_w
intermediality_index,friedman,9,0.05714285714284415,0.9718328750329874,0.003174603174602453
agency_index,friedman,9,4.29411764705881,0.116827262556058,0.23856209150326724
